epoch,lr-AdamW/pg1,lr-AdamW/pg2,step,train_loss,valid_mae_epoch,valid_mse_epoch
,4.711538461538462e-06,4.711538461538462e-06,49,,,
,4.711538461538462e-06,4.711538461538462e-06,49,,,
,4.711538461538462e-06,4.711538461538462e-06,49,,,
,4.711538461538462e-06,4.711538461538462e-06,49,,,
,4.711538461538462e-06,4.711538461538462e-06,49,,,
,4.711538461538462e-06,4.711538461538462e-06,49,,,
,4.711538461538462e-06,4.711538461538462e-06,49,,,
,4.711538461538462e-06,4.711538461538462e-06,49,,,
,4.711538461538462e-06,4.711538461538462e-06,49,,,
,4.711538461538462e-06,4.711538461538462e-06,49,,,
,4.711538461538462e-06,4.711538461538462e-06,49,,,
,4.711538461538462e-06,4.711538461538462e-06,49,,,
,4.711538461538462e-06,4.711538461538462e-06,49,,,
,4.711538461538462e-06,4.711538461538462e-06,49,,,
,4.711538461538462e-06,4.711538461538462e-06,49,,,
,4.711538461538462e-06,4.711538461538462e-06,49,,,
0,,,49,1.1222240924835205,,
0,,,52,,0.7349514961242676,0.8289797306060791
,9.51923076923077e-06,9.51923076923077e-06,99,,,
,9.51923076923077e-06,9.51923076923077e-06,99,,,
,9.51923076923077e-06,9.51923076923077e-06,99,,,
,9.51923076923077e-06,9.51923076923077e-06,99,,,
,9.51923076923077e-06,9.51923076923077e-06,99,,,
,9.51923076923077e-06,9.51923076923077e-06,99,,,
,9.51923076923077e-06,9.51923076923077e-06,99,,,
,9.51923076923077e-06,9.51923076923077e-06,99,,,
,9.51923076923077e-06,9.51923076923077e-06,99,,,
,9.51923076923077e-06,9.51923076923077e-06,99,,,
,9.51923076923077e-06,9.51923076923077e-06,99,,,
,9.51923076923077e-06,9.51923076923077e-06,99,,,
,9.51923076923077e-06,9.51923076923077e-06,99,,,
,9.51923076923077e-06,9.51923076923077e-06,99,,,
,9.51923076923077e-06,9.51923076923077e-06,99,,,
,9.51923076923077e-06,9.51923076923077e-06,99,,,
1,,,99,0.4318605363368988,,
1,,,105,,0.571478545665741,0.5136017799377441
,1.4326923076923076e-05,1.4326923076923076e-05,149,,,
,1.4326923076923076e-05,1.4326923076923076e-05,149,,,
,1.4326923076923076e-05,1.4326923076923076e-05,149,,,
,1.4326923076923076e-05,1.4326923076923076e-05,149,,,
,1.4326923076923076e-05,1.4326923076923076e-05,149,,,
,1.4326923076923076e-05,1.4326923076923076e-05,149,,,
,1.4326923076923076e-05,1.4326923076923076e-05,149,,,
,1.4326923076923076e-05,1.4326923076923076e-05,149,,,
,1.4326923076923076e-05,1.4326923076923076e-05,149,,,
,1.4326923076923076e-05,1.4326923076923076e-05,149,,,
,1.4326923076923076e-05,1.4326923076923076e-05,149,,,
,1.4326923076923076e-05,1.4326923076923076e-05,149,,,
,1.4326923076923076e-05,1.4326923076923076e-05,149,,,
,1.4326923076923076e-05,1.4326923076923076e-05,149,,,
,1.4326923076923076e-05,1.4326923076923076e-05,149,,,
,1.4326923076923076e-05,1.4326923076923076e-05,149,,,
2,,,149,0.5376418828964233,,
2,,,158,,0.5159876942634583,0.41519543528556824
,1.9134615384615383e-05,1.9134615384615383e-05,199,,,
,1.9134615384615383e-05,1.9134615384615383e-05,199,,,
,1.9134615384615383e-05,1.9134615384615383e-05,199,,,
,1.9134615384615383e-05,1.9134615384615383e-05,199,,,
,1.9134615384615383e-05,1.9134615384615383e-05,199,,,
,1.9134615384615383e-05,1.9134615384615383e-05,199,,,
,1.9134615384615383e-05,1.9134615384615383e-05,199,,,
,1.9134615384615383e-05,1.9134615384615383e-05,199,,,
,1.9134615384615383e-05,1.9134615384615383e-05,199,,,
,1.9134615384615383e-05,1.9134615384615383e-05,199,,,
,1.9134615384615383e-05,1.9134615384615383e-05,199,,,
,1.9134615384615383e-05,1.9134615384615383e-05,199,,,
,1.9134615384615383e-05,1.9134615384615383e-05,199,,,
,1.9134615384615383e-05,1.9134615384615383e-05,199,,,
,1.9134615384615383e-05,1.9134615384615383e-05,199,,,
,1.9134615384615383e-05,1.9134615384615383e-05,199,,,
3,,,199,0.3533409833908081,,
3,,,211,,0.49482461810112,0.3836021423339844
,2.3942307692307694e-05,2.3942307692307694e-05,249,,,
,2.3942307692307694e-05,2.3942307692307694e-05,249,,,
,2.3942307692307694e-05,2.3942307692307694e-05,249,,,
,2.3942307692307694e-05,2.3942307692307694e-05,249,,,
,2.3942307692307694e-05,2.3942307692307694e-05,249,,,
,2.3942307692307694e-05,2.3942307692307694e-05,249,,,
,2.3942307692307694e-05,2.3942307692307694e-05,249,,,
,2.3942307692307694e-05,2.3942307692307694e-05,249,,,
,2.3942307692307694e-05,2.3942307692307694e-05,249,,,
,2.3942307692307694e-05,2.3942307692307694e-05,249,,,
,2.3942307692307694e-05,2.3942307692307694e-05,249,,,
,2.3942307692307694e-05,2.3942307692307694e-05,249,,,
,2.3942307692307694e-05,2.3942307692307694e-05,249,,,
,2.3942307692307694e-05,2.3942307692307694e-05,249,,,
,2.3942307692307694e-05,2.3942307692307694e-05,249,,,
,2.3942307692307694e-05,2.3942307692307694e-05,249,,,
4,,,249,0.2697853147983551,,
4,,,264,,0.48070523142814636,0.36456793546676636
,2.8749999999999997e-05,2.8749999999999997e-05,299,,,
,2.8749999999999997e-05,2.8749999999999997e-05,299,,,
,2.8749999999999997e-05,2.8749999999999997e-05,299,,,
,2.8749999999999997e-05,2.8749999999999997e-05,299,,,
,2.8749999999999997e-05,2.8749999999999997e-05,299,,,
,2.8749999999999997e-05,2.8749999999999997e-05,299,,,
,2.8749999999999997e-05,2.8749999999999997e-05,299,,,
,2.8749999999999997e-05,2.8749999999999997e-05,299,,,
,2.8749999999999997e-05,2.8749999999999997e-05,299,,,
,2.8749999999999997e-05,2.8749999999999997e-05,299,,,
,2.8749999999999997e-05,2.8749999999999997e-05,299,,,
,2.8749999999999997e-05,2.8749999999999997e-05,299,,,
,2.8749999999999997e-05,2.8749999999999997e-05,299,,,
,2.8749999999999997e-05,2.8749999999999997e-05,299,,,
,2.8749999999999997e-05,2.8749999999999997e-05,299,,,
,2.8749999999999997e-05,2.8749999999999997e-05,299,,,
5,,,299,0.231279656291008,,
5,,,317,,0.47642940282821655,0.357868492603302
,3.3557692307692304e-05,3.3557692307692304e-05,349,,,
,3.3557692307692304e-05,3.3557692307692304e-05,349,,,
,3.3557692307692304e-05,3.3557692307692304e-05,349,,,
,3.3557692307692304e-05,3.3557692307692304e-05,349,,,
,3.3557692307692304e-05,3.3557692307692304e-05,349,,,
,3.3557692307692304e-05,3.3557692307692304e-05,349,,,
,3.3557692307692304e-05,3.3557692307692304e-05,349,,,
,3.3557692307692304e-05,3.3557692307692304e-05,349,,,
,3.3557692307692304e-05,3.3557692307692304e-05,349,,,
,3.3557692307692304e-05,3.3557692307692304e-05,349,,,
,3.3557692307692304e-05,3.3557692307692304e-05,349,,,
,3.3557692307692304e-05,3.3557692307692304e-05,349,,,
,3.3557692307692304e-05,3.3557692307692304e-05,349,,,
,3.3557692307692304e-05,3.3557692307692304e-05,349,,,
,3.3557692307692304e-05,3.3557692307692304e-05,349,,,
,3.3557692307692304e-05,3.3557692307692304e-05,349,,,
6,,,349,0.32321420311927795,,
6,,,370,,0.4831671118736267,0.36825257539749146
,3.836538461538462e-05,3.836538461538462e-05,399,,,
,3.836538461538462e-05,3.836538461538462e-05,399,,,
,3.836538461538462e-05,3.836538461538462e-05,399,,,
,3.836538461538462e-05,3.836538461538462e-05,399,,,
,3.836538461538462e-05,3.836538461538462e-05,399,,,
,3.836538461538462e-05,3.836538461538462e-05,399,,,
,3.836538461538462e-05,3.836538461538462e-05,399,,,
,3.836538461538462e-05,3.836538461538462e-05,399,,,
,3.836538461538462e-05,3.836538461538462e-05,399,,,
,3.836538461538462e-05,3.836538461538462e-05,399,,,
,3.836538461538462e-05,3.836538461538462e-05,399,,,
,3.836538461538462e-05,3.836538461538462e-05,399,,,
,3.836538461538462e-05,3.836538461538462e-05,399,,,
,3.836538461538462e-05,3.836538461538462e-05,399,,,
,3.836538461538462e-05,3.836538461538462e-05,399,,,
,3.836538461538462e-05,3.836538461538462e-05,399,,,
7,,,399,0.2604280710220337,,
7,,,423,,0.48670002818107605,0.37603357434272766
,4.3173076923076925e-05,4.3173076923076925e-05,449,,,
,4.3173076923076925e-05,4.3173076923076925e-05,449,,,
,4.3173076923076925e-05,4.3173076923076925e-05,449,,,
,4.3173076923076925e-05,4.3173076923076925e-05,449,,,
,4.3173076923076925e-05,4.3173076923076925e-05,449,,,
,4.3173076923076925e-05,4.3173076923076925e-05,449,,,
,4.3173076923076925e-05,4.3173076923076925e-05,449,,,
,4.3173076923076925e-05,4.3173076923076925e-05,449,,,
,4.3173076923076925e-05,4.3173076923076925e-05,449,,,
,4.3173076923076925e-05,4.3173076923076925e-05,449,,,
,4.3173076923076925e-05,4.3173076923076925e-05,449,,,
,4.3173076923076925e-05,4.3173076923076925e-05,449,,,
,4.3173076923076925e-05,4.3173076923076925e-05,449,,,
,4.3173076923076925e-05,4.3173076923076925e-05,449,,,
,4.3173076923076925e-05,4.3173076923076925e-05,449,,,
,4.3173076923076925e-05,4.3173076923076925e-05,449,,,
8,,,449,0.22233258187770844,,
8,,,476,,0.48688554763793945,0.3775062561035156
,4.7980769230769236e-05,4.7980769230769236e-05,499,,,
,4.7980769230769236e-05,4.7980769230769236e-05,499,,,
,4.7980769230769236e-05,4.7980769230769236e-05,499,,,
,4.7980769230769236e-05,4.7980769230769236e-05,499,,,
,4.7980769230769236e-05,4.7980769230769236e-05,499,,,
,4.7980769230769236e-05,4.7980769230769236e-05,499,,,
,4.7980769230769236e-05,4.7980769230769236e-05,499,,,
,4.7980769230769236e-05,4.7980769230769236e-05,499,,,
,4.7980769230769236e-05,4.7980769230769236e-05,499,,,
,4.7980769230769236e-05,4.7980769230769236e-05,499,,,
,4.7980769230769236e-05,4.7980769230769236e-05,499,,,
,4.7980769230769236e-05,4.7980769230769236e-05,499,,,
,4.7980769230769236e-05,4.7980769230769236e-05,499,,,
,4.7980769230769236e-05,4.7980769230769236e-05,499,,,
,4.7980769230769236e-05,4.7980769230769236e-05,499,,,
,4.7980769230769236e-05,4.7980769230769236e-05,499,,,
9,,,499,0.26793649792671204,,
9,,,529,,0.48638975620269775,0.3803444802761078
,5.278846153846154e-05,5.278846153846154e-05,549,,,
,5.278846153846154e-05,5.278846153846154e-05,549,,,
,5.278846153846154e-05,5.278846153846154e-05,549,,,
,5.278846153846154e-05,5.278846153846154e-05,549,,,
,5.278846153846154e-05,5.278846153846154e-05,549,,,
,5.278846153846154e-05,5.278846153846154e-05,549,,,
,5.278846153846154e-05,5.278846153846154e-05,549,,,
,5.278846153846154e-05,5.278846153846154e-05,549,,,
,5.278846153846154e-05,5.278846153846154e-05,549,,,
,5.278846153846154e-05,5.278846153846154e-05,549,,,
,5.278846153846154e-05,5.278846153846154e-05,549,,,
,5.278846153846154e-05,5.278846153846154e-05,549,,,
,5.278846153846154e-05,5.278846153846154e-05,549,,,
,5.278846153846154e-05,5.278846153846154e-05,549,,,
,5.278846153846154e-05,5.278846153846154e-05,549,,,
,5.278846153846154e-05,5.278846153846154e-05,549,,,
10,,,549,0.4021107256412506,,
10,,,582,,0.4744184911251068,0.35928791761398315
,5.759615384615384e-05,5.759615384615384e-05,599,,,
,5.759615384615384e-05,5.759615384615384e-05,599,,,
,5.759615384615384e-05,5.759615384615384e-05,599,,,
,5.759615384615384e-05,5.759615384615384e-05,599,,,
,5.759615384615384e-05,5.759615384615384e-05,599,,,
,5.759615384615384e-05,5.759615384615384e-05,599,,,
,5.759615384615384e-05,5.759615384615384e-05,599,,,
,5.759615384615384e-05,5.759615384615384e-05,599,,,
,5.759615384615384e-05,5.759615384615384e-05,599,,,
,5.759615384615384e-05,5.759615384615384e-05,599,,,
,5.759615384615384e-05,5.759615384615384e-05,599,,,
,5.759615384615384e-05,5.759615384615384e-05,599,,,
,5.759615384615384e-05,5.759615384615384e-05,599,,,
,5.759615384615384e-05,5.759615384615384e-05,599,,,
,5.759615384615384e-05,5.759615384615384e-05,599,,,
,5.759615384615384e-05,5.759615384615384e-05,599,,,
11,,,599,0.12748706340789795,,
11,,,635,,0.4660254120826721,0.3388814926147461
,6.240384615384616e-05,6.240384615384616e-05,649,,,
,6.240384615384616e-05,6.240384615384616e-05,649,,,
,6.240384615384616e-05,6.240384615384616e-05,649,,,
,6.240384615384616e-05,6.240384615384616e-05,649,,,
,6.240384615384616e-05,6.240384615384616e-05,649,,,
,6.240384615384616e-05,6.240384615384616e-05,649,,,
,6.240384615384616e-05,6.240384615384616e-05,649,,,
,6.240384615384616e-05,6.240384615384616e-05,649,,,
,6.240384615384616e-05,6.240384615384616e-05,649,,,
,6.240384615384616e-05,6.240384615384616e-05,649,,,
,6.240384615384616e-05,6.240384615384616e-05,649,,,
,6.240384615384616e-05,6.240384615384616e-05,649,,,
,6.240384615384616e-05,6.240384615384616e-05,649,,,
,6.240384615384616e-05,6.240384615384616e-05,649,,,
,6.240384615384616e-05,6.240384615384616e-05,649,,,
,6.240384615384616e-05,6.240384615384616e-05,649,,,
12,,,649,0.20600353181362152,,
12,,,688,,0.4616461396217346,0.3329739570617676
,6.721153846153846e-05,6.721153846153846e-05,699,,,
,6.721153846153846e-05,6.721153846153846e-05,699,,,
,6.721153846153846e-05,6.721153846153846e-05,699,,,
,6.721153846153846e-05,6.721153846153846e-05,699,,,
,6.721153846153846e-05,6.721153846153846e-05,699,,,
,6.721153846153846e-05,6.721153846153846e-05,699,,,
,6.721153846153846e-05,6.721153846153846e-05,699,,,
,6.721153846153846e-05,6.721153846153846e-05,699,,,
,6.721153846153846e-05,6.721153846153846e-05,699,,,
,6.721153846153846e-05,6.721153846153846e-05,699,,,
,6.721153846153846e-05,6.721153846153846e-05,699,,,
,6.721153846153846e-05,6.721153846153846e-05,699,,,
,6.721153846153846e-05,6.721153846153846e-05,699,,,
,6.721153846153846e-05,6.721153846153846e-05,699,,,
,6.721153846153846e-05,6.721153846153846e-05,699,,,
,6.721153846153846e-05,6.721153846153846e-05,699,,,
13,,,699,0.30437105894088745,,
13,,,741,,0.4614635705947876,0.33469927310943604
,7.201923076923077e-05,7.201923076923077e-05,749,,,
,7.201923076923077e-05,7.201923076923077e-05,749,,,
,7.201923076923077e-05,7.201923076923077e-05,749,,,
,7.201923076923077e-05,7.201923076923077e-05,749,,,
,7.201923076923077e-05,7.201923076923077e-05,749,,,
,7.201923076923077e-05,7.201923076923077e-05,749,,,
,7.201923076923077e-05,7.201923076923077e-05,749,,,
,7.201923076923077e-05,7.201923076923077e-05,749,,,
,7.201923076923077e-05,7.201923076923077e-05,749,,,
,7.201923076923077e-05,7.201923076923077e-05,749,,,
,7.201923076923077e-05,7.201923076923077e-05,749,,,
,7.201923076923077e-05,7.201923076923077e-05,749,,,
,7.201923076923077e-05,7.201923076923077e-05,749,,,
,7.201923076923077e-05,7.201923076923077e-05,749,,,
,7.201923076923077e-05,7.201923076923077e-05,749,,,
,7.201923076923077e-05,7.201923076923077e-05,749,,,
14,,,749,0.7326912879943848,,
14,,,794,,0.4651980996131897,0.33730804920196533
,7.682692307692308e-05,7.682692307692308e-05,799,,,
,7.682692307692308e-05,7.682692307692308e-05,799,,,
,7.682692307692308e-05,7.682692307692308e-05,799,,,
,7.682692307692308e-05,7.682692307692308e-05,799,,,
,7.682692307692308e-05,7.682692307692308e-05,799,,,
,7.682692307692308e-05,7.682692307692308e-05,799,,,
,7.682692307692308e-05,7.682692307692308e-05,799,,,
,7.682692307692308e-05,7.682692307692308e-05,799,,,
,7.682692307692308e-05,7.682692307692308e-05,799,,,
,7.682692307692308e-05,7.682692307692308e-05,799,,,
,7.682692307692308e-05,7.682692307692308e-05,799,,,
,7.682692307692308e-05,7.682692307692308e-05,799,,,
,7.682692307692308e-05,7.682692307692308e-05,799,,,
,7.682692307692308e-05,7.682692307692308e-05,799,,,
,7.682692307692308e-05,7.682692307692308e-05,799,,,
,7.682692307692308e-05,7.682692307692308e-05,799,,,
15,,,799,0.23136936128139496,,
15,,,847,,0.468790203332901,0.3442750573158264
,8.163461538461539e-05,8.163461538461539e-05,849,,,
,8.163461538461539e-05,8.163461538461539e-05,849,,,
,8.163461538461539e-05,8.163461538461539e-05,849,,,
,8.163461538461539e-05,8.163461538461539e-05,849,,,
,8.163461538461539e-05,8.163461538461539e-05,849,,,
,8.163461538461539e-05,8.163461538461539e-05,849,,,
,8.163461538461539e-05,8.163461538461539e-05,849,,,
,8.163461538461539e-05,8.163461538461539e-05,849,,,
,8.163461538461539e-05,8.163461538461539e-05,849,,,
,8.163461538461539e-05,8.163461538461539e-05,849,,,
,8.163461538461539e-05,8.163461538461539e-05,849,,,
,8.163461538461539e-05,8.163461538461539e-05,849,,,
,8.163461538461539e-05,8.163461538461539e-05,849,,,
,8.163461538461539e-05,8.163461538461539e-05,849,,,
,8.163461538461539e-05,8.163461538461539e-05,849,,,
,8.163461538461539e-05,8.163461538461539e-05,849,,,
16,,,849,0.8045874834060669,,
,8.64423076923077e-05,8.64423076923077e-05,899,,,
,8.64423076923077e-05,8.64423076923077e-05,899,,,
,8.64423076923077e-05,8.64423076923077e-05,899,,,
,8.64423076923077e-05,8.64423076923077e-05,899,,,
,8.64423076923077e-05,8.64423076923077e-05,899,,,
,8.64423076923077e-05,8.64423076923077e-05,899,,,
,8.64423076923077e-05,8.64423076923077e-05,899,,,
,8.64423076923077e-05,8.64423076923077e-05,899,,,
,8.64423076923077e-05,8.64423076923077e-05,899,,,
,8.64423076923077e-05,8.64423076923077e-05,899,,,
,8.64423076923077e-05,8.64423076923077e-05,899,,,
,8.64423076923077e-05,8.64423076923077e-05,899,,,
,8.64423076923077e-05,8.64423076923077e-05,899,,,
,8.64423076923077e-05,8.64423076923077e-05,899,,,
,8.64423076923077e-05,8.64423076923077e-05,899,,,
,8.64423076923077e-05,8.64423076923077e-05,899,,,
16,,,899,0.2179751694202423,,
16,,,900,,0.47287097573280334,0.342162162065506
,9.125e-05,9.125e-05,949,,,
,9.125e-05,9.125e-05,949,,,
,9.125e-05,9.125e-05,949,,,
,9.125e-05,9.125e-05,949,,,
,9.125e-05,9.125e-05,949,,,
,9.125e-05,9.125e-05,949,,,
,9.125e-05,9.125e-05,949,,,
,9.125e-05,9.125e-05,949,,,
,9.125e-05,9.125e-05,949,,,
,9.125e-05,9.125e-05,949,,,
,9.125e-05,9.125e-05,949,,,
,9.125e-05,9.125e-05,949,,,
,9.125e-05,9.125e-05,949,,,
,9.125e-05,9.125e-05,949,,,
,9.125e-05,9.125e-05,949,,,
,9.125e-05,9.125e-05,949,,,
17,,,949,0.21112245321273804,,
17,,,953,,0.4524691700935364,0.3183172345161438
,9.605769230769231e-05,9.605769230769231e-05,999,,,
,9.605769230769231e-05,9.605769230769231e-05,999,,,
,9.605769230769231e-05,9.605769230769231e-05,999,,,
,9.605769230769231e-05,9.605769230769231e-05,999,,,
,9.605769230769231e-05,9.605769230769231e-05,999,,,
,9.605769230769231e-05,9.605769230769231e-05,999,,,
,9.605769230769231e-05,9.605769230769231e-05,999,,,
,9.605769230769231e-05,9.605769230769231e-05,999,,,
,9.605769230769231e-05,9.605769230769231e-05,999,,,
,9.605769230769231e-05,9.605769230769231e-05,999,,,
,9.605769230769231e-05,9.605769230769231e-05,999,,,
,9.605769230769231e-05,9.605769230769231e-05,999,,,
,9.605769230769231e-05,9.605769230769231e-05,999,,,
,9.605769230769231e-05,9.605769230769231e-05,999,,,
,9.605769230769231e-05,9.605769230769231e-05,999,,,
,9.605769230769231e-05,9.605769230769231e-05,999,,,
18,,,999,0.1888708472251892,,
18,,,1006,,0.4415689706802368,0.30689239501953125
,9.999884627599724e-05,9.999884627599724e-05,1049,,,
,9.999884627599724e-05,9.999884627599724e-05,1049,,,
,9.999884627599724e-05,9.999884627599724e-05,1049,,,
,9.999884627599724e-05,9.999884627599724e-05,1049,,,
,9.999884627599724e-05,9.999884627599724e-05,1049,,,
,9.999884627599724e-05,9.999884627599724e-05,1049,,,
,9.999884627599724e-05,9.999884627599724e-05,1049,,,
,9.999884627599724e-05,9.999884627599724e-05,1049,,,
,9.999884627599724e-05,9.999884627599724e-05,1049,,,
,9.999884627599724e-05,9.999884627599724e-05,1049,,,
,9.999884627599724e-05,9.999884627599724e-05,1049,,,
,9.999884627599724e-05,9.999884627599724e-05,1049,,,
,9.999884627599724e-05,9.999884627599724e-05,1049,,,
,9.999884627599724e-05,9.999884627599724e-05,1049,,,
,9.999884627599724e-05,9.999884627599724e-05,1049,,,
,9.999884627599724e-05,9.999884627599724e-05,1049,,,
19,,,1049,0.2768614590167999,,
19,,,1059,,0.45306041836738586,0.3119564652442932
,9.995042636621126e-05,9.995042636621126e-05,1099,,,
,9.995042636621126e-05,9.995042636621126e-05,1099,,,
,9.995042636621126e-05,9.995042636621126e-05,1099,,,
,9.995042636621126e-05,9.995042636621126e-05,1099,,,
,9.995042636621126e-05,9.995042636621126e-05,1099,,,
,9.995042636621126e-05,9.995042636621126e-05,1099,,,
,9.995042636621126e-05,9.995042636621126e-05,1099,,,
,9.995042636621126e-05,9.995042636621126e-05,1099,,,
,9.995042636621126e-05,9.995042636621126e-05,1099,,,
,9.995042636621126e-05,9.995042636621126e-05,1099,,,
,9.995042636621126e-05,9.995042636621126e-05,1099,,,
,9.995042636621126e-05,9.995042636621126e-05,1099,,,
,9.995042636621126e-05,9.995042636621126e-05,1099,,,
,9.995042636621126e-05,9.995042636621126e-05,1099,,,
,9.995042636621126e-05,9.995042636621126e-05,1099,,,
,9.995042636621126e-05,9.995042636621126e-05,1099,,,
20,,,1099,0.2178368717432022,,
20,,,1112,,0.4459550082683563,0.3095715343952179
,9.983086778537412e-05,9.983086778537412e-05,1149,,,
,9.983086778537412e-05,9.983086778537412e-05,1149,,,
,9.983086778537412e-05,9.983086778537412e-05,1149,,,
,9.983086778537412e-05,9.983086778537412e-05,1149,,,
,9.983086778537412e-05,9.983086778537412e-05,1149,,,
,9.983086778537412e-05,9.983086778537412e-05,1149,,,
,9.983086778537412e-05,9.983086778537412e-05,1149,,,
,9.983086778537412e-05,9.983086778537412e-05,1149,,,
,9.983086778537412e-05,9.983086778537412e-05,1149,,,
,9.983086778537412e-05,9.983086778537412e-05,1149,,,
,9.983086778537412e-05,9.983086778537412e-05,1149,,,
,9.983086778537412e-05,9.983086778537412e-05,1149,,,
,9.983086778537412e-05,9.983086778537412e-05,1149,,,
,9.983086778537412e-05,9.983086778537412e-05,1149,,,
,9.983086778537412e-05,9.983086778537412e-05,1149,,,
,9.983086778537412e-05,9.983086778537412e-05,1149,,,
21,,,1149,0.3341084122657776,,
21,,,1165,,0.4495192766189575,0.31693822145462036
,9.964034097769186e-05,9.964034097769186e-05,1199,,,
,9.964034097769186e-05,9.964034097769186e-05,1199,,,
,9.964034097769186e-05,9.964034097769186e-05,1199,,,
,9.964034097769186e-05,9.964034097769186e-05,1199,,,
,9.964034097769186e-05,9.964034097769186e-05,1199,,,
,9.964034097769186e-05,9.964034097769186e-05,1199,,,
,9.964034097769186e-05,9.964034097769186e-05,1199,,,
,9.964034097769186e-05,9.964034097769186e-05,1199,,,
,9.964034097769186e-05,9.964034097769186e-05,1199,,,
,9.964034097769186e-05,9.964034097769186e-05,1199,,,
,9.964034097769186e-05,9.964034097769186e-05,1199,,,
,9.964034097769186e-05,9.964034097769186e-05,1199,,,
,9.964034097769186e-05,9.964034097769186e-05,1199,,,
,9.964034097769186e-05,9.964034097769186e-05,1199,,,
,9.964034097769186e-05,9.964034097769186e-05,1199,,,
,9.964034097769186e-05,9.964034097769186e-05,1199,,,
22,,,1199,0.14965297281742096,,
22,,,1218,,0.4534108638763428,0.3179909586906433
,9.937911756056115e-05,9.937911756056115e-05,1249,,,
,9.937911756056115e-05,9.937911756056115e-05,1249,,,
,9.937911756056115e-05,9.937911756056115e-05,1249,,,
,9.937911756056115e-05,9.937911756056115e-05,1249,,,
,9.937911756056115e-05,9.937911756056115e-05,1249,,,
,9.937911756056115e-05,9.937911756056115e-05,1249,,,
,9.937911756056115e-05,9.937911756056115e-05,1249,,,
,9.937911756056115e-05,9.937911756056115e-05,1249,,,
,9.937911756056115e-05,9.937911756056115e-05,1249,,,
,9.937911756056115e-05,9.937911756056115e-05,1249,,,
,9.937911756056115e-05,9.937911756056115e-05,1249,,,
,9.937911756056115e-05,9.937911756056115e-05,1249,,,
,9.937911756056115e-05,9.937911756056115e-05,1249,,,
,9.937911756056115e-05,9.937911756056115e-05,1249,,,
,9.937911756056115e-05,9.937911756056115e-05,1249,,,
,9.937911756056115e-05,9.937911756056115e-05,1249,,,
23,,,1249,0.2397897094488144,,
23,,,1271,,0.4227973520755768,0.28848502039909363
,9.90475699373478e-05,9.90475699373478e-05,1299,,,
,9.90475699373478e-05,9.90475699373478e-05,1299,,,
,9.90475699373478e-05,9.90475699373478e-05,1299,,,
,9.90475699373478e-05,9.90475699373478e-05,1299,,,
,9.90475699373478e-05,9.90475699373478e-05,1299,,,
,9.90475699373478e-05,9.90475699373478e-05,1299,,,
,9.90475699373478e-05,9.90475699373478e-05,1299,,,
,9.90475699373478e-05,9.90475699373478e-05,1299,,,
,9.90475699373478e-05,9.90475699373478e-05,1299,,,
,9.90475699373478e-05,9.90475699373478e-05,1299,,,
,9.90475699373478e-05,9.90475699373478e-05,1299,,,
,9.90475699373478e-05,9.90475699373478e-05,1299,,,
,9.90475699373478e-05,9.90475699373478e-05,1299,,,
,9.90475699373478e-05,9.90475699373478e-05,1299,,,
,9.90475699373478e-05,9.90475699373478e-05,1299,,,
,9.90475699373478e-05,9.90475699373478e-05,1299,,,
24,,,1299,0.15479423105716705,,
24,,,1324,,0.4319794774055481,0.3056885004043579
,9.864617076648428e-05,9.864617076648428e-05,1349,,,
,9.864617076648428e-05,9.864617076648428e-05,1349,,,
,9.864617076648428e-05,9.864617076648428e-05,1349,,,
,9.864617076648428e-05,9.864617076648428e-05,1349,,,
,9.864617076648428e-05,9.864617076648428e-05,1349,,,
,9.864617076648428e-05,9.864617076648428e-05,1349,,,
,9.864617076648428e-05,9.864617076648428e-05,1349,,,
,9.864617076648428e-05,9.864617076648428e-05,1349,,,
,9.864617076648428e-05,9.864617076648428e-05,1349,,,
,9.864617076648428e-05,9.864617076648428e-05,1349,,,
,9.864617076648428e-05,9.864617076648428e-05,1349,,,
,9.864617076648428e-05,9.864617076648428e-05,1349,,,
,9.864617076648428e-05,9.864617076648428e-05,1349,,,
,9.864617076648428e-05,9.864617076648428e-05,1349,,,
,9.864617076648428e-05,9.864617076648428e-05,1349,,,
,9.864617076648428e-05,9.864617076648428e-05,1349,,,
25,,,1349,0.39792028069496155,,
25,,,1377,,0.4335421025753021,0.3085843026638031
,9.817549228764197e-05,9.817549228764197e-05,1399,,,
,9.817549228764197e-05,9.817549228764197e-05,1399,,,
,9.817549228764197e-05,9.817549228764197e-05,1399,,,
,9.817549228764197e-05,9.817549228764197e-05,1399,,,
,9.817549228764197e-05,9.817549228764197e-05,1399,,,
,9.817549228764197e-05,9.817549228764197e-05,1399,,,
,9.817549228764197e-05,9.817549228764197e-05,1399,,,
,9.817549228764197e-05,9.817549228764197e-05,1399,,,
,9.817549228764197e-05,9.817549228764197e-05,1399,,,
,9.817549228764197e-05,9.817549228764197e-05,1399,,,
,9.817549228764197e-05,9.817549228764197e-05,1399,,,
,9.817549228764197e-05,9.817549228764197e-05,1399,,,
,9.817549228764197e-05,9.817549228764197e-05,1399,,,
,9.817549228764197e-05,9.817549228764197e-05,1399,,,
,9.817549228764197e-05,9.817549228764197e-05,1399,,,
,9.817549228764197e-05,9.817549228764197e-05,1399,,,
26,,,1399,0.2966790199279785,,
26,,,1430,,0.42511990666389465,0.29786416888237
,9.76362055059387e-05,9.76362055059387e-05,1449,,,
,9.76362055059387e-05,9.76362055059387e-05,1449,,,
,9.76362055059387e-05,9.76362055059387e-05,1449,,,
,9.76362055059387e-05,9.76362055059387e-05,1449,,,
,9.76362055059387e-05,9.76362055059387e-05,1449,,,
,9.76362055059387e-05,9.76362055059387e-05,1449,,,
,9.76362055059387e-05,9.76362055059387e-05,1449,,,
,9.76362055059387e-05,9.76362055059387e-05,1449,,,
,9.76362055059387e-05,9.76362055059387e-05,1449,,,
,9.76362055059387e-05,9.76362055059387e-05,1449,,,
,9.76362055059387e-05,9.76362055059387e-05,1449,,,
,9.76362055059387e-05,9.76362055059387e-05,1449,,,
,9.76362055059387e-05,9.76362055059387e-05,1449,,,
,9.76362055059387e-05,9.76362055059387e-05,1449,,,
,9.76362055059387e-05,9.76362055059387e-05,1449,,,
,9.76362055059387e-05,9.76362055059387e-05,1449,,,
27,,,1449,0.36011338233947754,,
27,,,1483,,0.422893226146698,0.2938317060470581
,9.702907923534574e-05,9.702907923534574e-05,1499,,,
,9.702907923534574e-05,9.702907923534574e-05,1499,,,
,9.702907923534574e-05,9.702907923534574e-05,1499,,,
,9.702907923534574e-05,9.702907923534574e-05,1499,,,
,9.702907923534574e-05,9.702907923534574e-05,1499,,,
,9.702907923534574e-05,9.702907923534574e-05,1499,,,
,9.702907923534574e-05,9.702907923534574e-05,1499,,,
,9.702907923534574e-05,9.702907923534574e-05,1499,,,
,9.702907923534574e-05,9.702907923534574e-05,1499,,,
,9.702907923534574e-05,9.702907923534574e-05,1499,,,
,9.702907923534574e-05,9.702907923534574e-05,1499,,,
,9.702907923534574e-05,9.702907923534574e-05,1499,,,
,9.702907923534574e-05,9.702907923534574e-05,1499,,,
,9.702907923534574e-05,9.702907923534574e-05,1499,,,
,9.702907923534574e-05,9.702907923534574e-05,1499,,,
,9.702907923534574e-05,9.702907923534574e-05,1499,,,
28,,,1499,0.13899394869804382,,
28,,,1536,,0.42175158858299255,0.293483704328537
,9.635497900265709e-05,9.635497900265709e-05,1549,,,
,9.635497900265709e-05,9.635497900265709e-05,1549,,,
,9.635497900265709e-05,9.635497900265709e-05,1549,,,
,9.635497900265709e-05,9.635497900265709e-05,1549,,,
,9.635497900265709e-05,9.635497900265709e-05,1549,,,
,9.635497900265709e-05,9.635497900265709e-05,1549,,,
,9.635497900265709e-05,9.635497900265709e-05,1549,,,
,9.635497900265709e-05,9.635497900265709e-05,1549,,,
,9.635497900265709e-05,9.635497900265709e-05,1549,,,
,9.635497900265709e-05,9.635497900265709e-05,1549,,,
,9.635497900265709e-05,9.635497900265709e-05,1549,,,
,9.635497900265709e-05,9.635497900265709e-05,1549,,,
,9.635497900265709e-05,9.635497900265709e-05,1549,,,
,9.635497900265709e-05,9.635497900265709e-05,1549,,,
,9.635497900265709e-05,9.635497900265709e-05,1549,,,
,9.635497900265709e-05,9.635497900265709e-05,1549,,,
29,,,1549,0.16011208295822144,,
29,,,1589,,0.4161766767501831,0.27973517775535583
,9.561486581358356e-05,9.561486581358356e-05,1599,,,
,9.561486581358356e-05,9.561486581358356e-05,1599,,,
,9.561486581358356e-05,9.561486581358356e-05,1599,,,
,9.561486581358356e-05,9.561486581358356e-05,1599,,,
,9.561486581358356e-05,9.561486581358356e-05,1599,,,
,9.561486581358356e-05,9.561486581358356e-05,1599,,,
,9.561486581358356e-05,9.561486581358356e-05,1599,,,
,9.561486581358356e-05,9.561486581358356e-05,1599,,,
,9.561486581358356e-05,9.561486581358356e-05,1599,,,
,9.561486581358356e-05,9.561486581358356e-05,1599,,,
,9.561486581358356e-05,9.561486581358356e-05,1599,,,
,9.561486581358356e-05,9.561486581358356e-05,1599,,,
,9.561486581358356e-05,9.561486581358356e-05,1599,,,
,9.561486581358356e-05,9.561486581358356e-05,1599,,,
,9.561486581358356e-05,9.561486581358356e-05,1599,,,
,9.561486581358356e-05,9.561486581358356e-05,1599,,,
30,,,1599,0.20761816203594208,,
30,,,1642,,0.42090603709220886,0.285069078207016
,9.480979478273098e-05,9.480979478273098e-05,1649,,,
,9.480979478273098e-05,9.480979478273098e-05,1649,,,
,9.480979478273098e-05,9.480979478273098e-05,1649,,,
,9.480979478273098e-05,9.480979478273098e-05,1649,,,
,9.480979478273098e-05,9.480979478273098e-05,1649,,,
,9.480979478273098e-05,9.480979478273098e-05,1649,,,
,9.480979478273098e-05,9.480979478273098e-05,1649,,,
,9.480979478273098e-05,9.480979478273098e-05,1649,,,
,9.480979478273098e-05,9.480979478273098e-05,1649,,,
,9.480979478273098e-05,9.480979478273098e-05,1649,,,
,9.480979478273098e-05,9.480979478273098e-05,1649,,,
,9.480979478273098e-05,9.480979478273098e-05,1649,,,
,9.480979478273098e-05,9.480979478273098e-05,1649,,,
,9.480979478273098e-05,9.480979478273098e-05,1649,,,
,9.480979478273098e-05,9.480979478273098e-05,1649,,,
,9.480979478273098e-05,9.480979478273098e-05,1649,,,
31,,,1649,0.3374456465244293,,
31,,,1695,,0.42100298404693604,0.2832418978214264
,9.39409136294158e-05,9.39409136294158e-05,1699,,,
,9.39409136294158e-05,9.39409136294158e-05,1699,,,
,9.39409136294158e-05,9.39409136294158e-05,1699,,,
,9.39409136294158e-05,9.39409136294158e-05,1699,,,
,9.39409136294158e-05,9.39409136294158e-05,1699,,,
,9.39409136294158e-05,9.39409136294158e-05,1699,,,
,9.39409136294158e-05,9.39409136294158e-05,1699,,,
,9.39409136294158e-05,9.39409136294158e-05,1699,,,
,9.39409136294158e-05,9.39409136294158e-05,1699,,,
,9.39409136294158e-05,9.39409136294158e-05,1699,,,
,9.39409136294158e-05,9.39409136294158e-05,1699,,,
,9.39409136294158e-05,9.39409136294158e-05,1699,,,
,9.39409136294158e-05,9.39409136294158e-05,1699,,,
,9.39409136294158e-05,9.39409136294158e-05,1699,,,
,9.39409136294158e-05,9.39409136294158e-05,1699,,,
,9.39409136294158e-05,9.39409136294158e-05,1699,,,
32,,,1699,0.36292362213134766,,
32,,,1748,,0.42627009749412537,0.286653995513916
,9.300946104146189e-05,9.300946104146189e-05,1749,,,
,9.300946104146189e-05,9.300946104146189e-05,1749,,,
,9.300946104146189e-05,9.300946104146189e-05,1749,,,
,9.300946104146189e-05,9.300946104146189e-05,1749,,,
,9.300946104146189e-05,9.300946104146189e-05,1749,,,
,9.300946104146189e-05,9.300946104146189e-05,1749,,,
,9.300946104146189e-05,9.300946104146189e-05,1749,,,
,9.300946104146189e-05,9.300946104146189e-05,1749,,,
,9.300946104146189e-05,9.300946104146189e-05,1749,,,
,9.300946104146189e-05,9.300946104146189e-05,1749,,,
,9.300946104146189e-05,9.300946104146189e-05,1749,,,
,9.300946104146189e-05,9.300946104146189e-05,1749,,,
,9.300946104146189e-05,9.300946104146189e-05,1749,,,
,9.300946104146189e-05,9.300946104146189e-05,1749,,,
,9.300946104146189e-05,9.300946104146189e-05,1749,,,
,9.300946104146189e-05,9.300946104146189e-05,1749,,,
33,,,1749,0.46063241362571716,,
,9.201676490931186e-05,9.201676490931186e-05,1799,,,
,9.201676490931186e-05,9.201676490931186e-05,1799,,,
,9.201676490931186e-05,9.201676490931186e-05,1799,,,
,9.201676490931186e-05,9.201676490931186e-05,1799,,,
,9.201676490931186e-05,9.201676490931186e-05,1799,,,
,9.201676490931186e-05,9.201676490931186e-05,1799,,,
,9.201676490931186e-05,9.201676490931186e-05,1799,,,
,9.201676490931186e-05,9.201676490931186e-05,1799,,,
,9.201676490931186e-05,9.201676490931186e-05,1799,,,
,9.201676490931186e-05,9.201676490931186e-05,1799,,,
,9.201676490931186e-05,9.201676490931186e-05,1799,,,
,9.201676490931186e-05,9.201676490931186e-05,1799,,,
,9.201676490931186e-05,9.201676490931186e-05,1799,,,
,9.201676490931186e-05,9.201676490931186e-05,1799,,,
,9.201676490931186e-05,9.201676490931186e-05,1799,,,
,9.201676490931186e-05,9.201676490931186e-05,1799,,,
33,,,1799,0.2275732010602951,,
33,,,1801,,0.45092660188674927,0.3053761422634125
,9.096424043296978e-05,9.096424043296978e-05,1849,,,
,9.096424043296978e-05,9.096424043296978e-05,1849,,,
,9.096424043296978e-05,9.096424043296978e-05,1849,,,
,9.096424043296978e-05,9.096424043296978e-05,1849,,,
,9.096424043296978e-05,9.096424043296978e-05,1849,,,
,9.096424043296978e-05,9.096424043296978e-05,1849,,,
,9.096424043296978e-05,9.096424043296978e-05,1849,,,
,9.096424043296978e-05,9.096424043296978e-05,1849,,,
,9.096424043296978e-05,9.096424043296978e-05,1849,,,
,9.096424043296978e-05,9.096424043296978e-05,1849,,,
,9.096424043296978e-05,9.096424043296978e-05,1849,,,
,9.096424043296978e-05,9.096424043296978e-05,1849,,,
,9.096424043296978e-05,9.096424043296978e-05,1849,,,
,9.096424043296978e-05,9.096424043296978e-05,1849,,,
,9.096424043296978e-05,9.096424043296978e-05,1849,,,
,9.096424043296978e-05,9.096424043296978e-05,1849,,,
34,,,1849,0.19648492336273193,,
34,,,1854,,0.4224051535129547,0.27864712476730347
,8.985338810447452e-05,8.985338810447452e-05,1899,,,
,8.985338810447452e-05,8.985338810447452e-05,1899,,,
,8.985338810447452e-05,8.985338810447452e-05,1899,,,
,8.985338810447452e-05,8.985338810447452e-05,1899,,,
,8.985338810447452e-05,8.985338810447452e-05,1899,,,
,8.985338810447452e-05,8.985338810447452e-05,1899,,,
,8.985338810447452e-05,8.985338810447452e-05,1899,,,
,8.985338810447452e-05,8.985338810447452e-05,1899,,,
,8.985338810447452e-05,8.985338810447452e-05,1899,,,
,8.985338810447452e-05,8.985338810447452e-05,1899,,,
,8.985338810447452e-05,8.985338810447452e-05,1899,,,
,8.985338810447452e-05,8.985338810447452e-05,1899,,,
,8.985338810447452e-05,8.985338810447452e-05,1899,,,
,8.985338810447452e-05,8.985338810447452e-05,1899,,,
,8.985338810447452e-05,8.985338810447452e-05,1899,,,
,8.985338810447452e-05,8.985338810447452e-05,1899,,,
35,,,1899,0.21412287652492523,,
35,,,1907,,0.4461979269981384,0.30713021755218506
,8.868579156877946e-05,8.868579156877946e-05,1949,,,
,8.868579156877946e-05,8.868579156877946e-05,1949,,,
,8.868579156877946e-05,8.868579156877946e-05,1949,,,
,8.868579156877946e-05,8.868579156877946e-05,1949,,,
,8.868579156877946e-05,8.868579156877946e-05,1949,,,
,8.868579156877946e-05,8.868579156877946e-05,1949,,,
,8.868579156877946e-05,8.868579156877946e-05,1949,,,
,8.868579156877946e-05,8.868579156877946e-05,1949,,,
,8.868579156877946e-05,8.868579156877946e-05,1949,,,
,8.868579156877946e-05,8.868579156877946e-05,1949,,,
,8.868579156877946e-05,8.868579156877946e-05,1949,,,
,8.868579156877946e-05,8.868579156877946e-05,1949,,,
,8.868579156877946e-05,8.868579156877946e-05,1949,,,
,8.868579156877946e-05,8.868579156877946e-05,1949,,,
,8.868579156877946e-05,8.868579156877946e-05,1949,,,
,8.868579156877946e-05,8.868579156877946e-05,1949,,,
36,,,1949,0.16466937959194183,,
36,,,1960,,0.4788973033428192,0.3499634861946106
,8.746311536608833e-05,8.746311536608833e-05,1999,,,
,8.746311536608833e-05,8.746311536608833e-05,1999,,,
,8.746311536608833e-05,8.746311536608833e-05,1999,,,
,8.746311536608833e-05,8.746311536608833e-05,1999,,,
,8.746311536608833e-05,8.746311536608833e-05,1999,,,
,8.746311536608833e-05,8.746311536608833e-05,1999,,,
,8.746311536608833e-05,8.746311536608833e-05,1999,,,
,8.746311536608833e-05,8.746311536608833e-05,1999,,,
,8.746311536608833e-05,8.746311536608833e-05,1999,,,
,8.746311536608833e-05,8.746311536608833e-05,1999,,,
,8.746311536608833e-05,8.746311536608833e-05,1999,,,
,8.746311536608833e-05,8.746311536608833e-05,1999,,,
,8.746311536608833e-05,8.746311536608833e-05,1999,,,
,8.746311536608833e-05,8.746311536608833e-05,1999,,,
,8.746311536608833e-05,8.746311536608833e-05,1999,,,
,8.746311536608833e-05,8.746311536608833e-05,1999,,,
37,,,1999,0.15095220506191254,,
37,,,2013,,0.460299551486969,0.3280467689037323
